<?xml version="1.0" encoding="UTF-8" standalone="no"?>
<root>
    <person>
        <personNum>1</personNum>
        <firstName>Kilian</firstName>
        <lastName>Schropp</lastName>
        <phoneNumbers/>
    </person>
<person>
        <personNum>2</personNum>
        <firstName>Holz</firstName>
        <lastName>Michel</lastName>
        <phoneNumbers/>
    </person>
<person>
        <personNum>3</personNum>
        <firstName>Peter</firstName>
        <lastName>Müller</lastName>
        <phoneNumbers/>
    </person>
<person>
        <personNum>4</personNum>
        <firstName>Heinz</firstName>
        <lastName>Kreft</lastName>
        <phoneNumbers/>
    </person>
</root>
